"书名","单词1","单词2","单词3","单词4","单词5","单词6","单词7","单词8","单词9","单词10"
"Farm Animals","animals","chicken","cow","dog","duck","goat","pig","sheep",,
"Go, Go, Go","animals","birds","cats","cows","dogs","ducks","go","goats","pigs",
"Jump Over","cat","cow","deer","fox","girl","goat","horse","jumps","over",
"Pets","bird","bunny","cat","dog","goldfish","hamster","mouse","turtle",,
"Plains Animals","crocodile","elephant","giraffe","ostrich","plains","zebra",,,
"Rainforest Animals","beetle","butterfly","monkey","parrot","rainforest","snake",,,
"The Coast","beach","birds","cliff","coast","lighthouse","ocean","rocks","waves",,
"Water","ice","lake","ocean","rain","river","snow","water",,,
"Spring","ball","bikes","birds","bunny","flowers","rain","rainbow","spring",,
"Summer","ball","beach","flowers","garden","rain","summer","sunshine","swimsuit",,
"It Is Fall","acorn","apple","corn","jacket","leaf","moon","pumpkin","rake",,
"Winter","coat","fire","ice skates","mittens","sled","snow","snowman","winter",,
"The Ocean","coral","crab","ocean","sand","seaweed","starfish",,,
"The Plant","dirt","hole","plant","rain","seed","shovel","sunshine",,,
"The Chicken","beak","chicken","egg","feathers","feet","legs","tail","wings",,
"These Birds","birds","crows","doves","eagles","geese","hawks","owls","turkeys",,
"Rain on fairyland","animals","fairies","flowers","leaves","rain","roofs",,,
"Jungle Friends","friends","frog","jungle","monkey","snake","tiger",,,
"Animals Nap","bat","fish","giraffe","horse","lizard","naps",,,
"Colorful Eggs","blue","colorful","egg","green","orange","pink","purple","red",,
"Purple","shirt","hat","backpack","ball","bucket","flip-flop","ice pop","purple",,
"Yellow","bus","cab","hat","light","lines","signs","truck","vest","yellow",
"Blue","bench","bike","blue","bottle","helmet","playground","sky","slide","swing",
"Green","bird","forest","frog","grass","insect","leaf","lizard","moss","snake",
"Orange","butterfly","field","flower","leaf","orange","pumpkin","snake","sunset","tree",
"Red","apple","beet","cherry","pepper","potato","radish","red","strawberry","tomato",
"White","fox","igloo","owl","seal","snow","whale","flowers","eggs","white",
"Black","cape","sheet","stage","suit","tie","wand","hat","rabbit","black",
"One","bed","blanket","book","desk","one","pillow","rug","toy","window",
"Two","birds","bugs","cats","cows","dogs","fish","horses","kids","two",
"Three","bears","camels","elephants","frogs","lions","monkeys","pandas","three",,
"Four","airplanes","boats","buses","cars","carts","four","trucks","vans","wagons",
"Five","bowls","chairs","cups","five","forks","lunches","pans","plates","spoons",
"Six","coat","dresses","gloves","hats","pants","shirts","shorts","six","socks",
"Seven","turtles","worms","bees","frogs","ladybugs","lizards","seven","snakes","spiders",
"Eight","backpacks","bottles","chairs","eight","friends","hot dogs","lights","raincoats","sticks",
"Nine","bulls","chickens","cows","geese","goats","horses","nine","pigs","sheep",
"Ten","apples","beets","carrots","lemons","pears","potatoes","Ten","strawberries","tomatoes",
"Eleven","balloons","candy bars","cards","cupcakes","eleven","friends","hats","pizzas","presents",
"Twelve","aprons","bowls","cookies","cups","hats","pans","plates","spoons","twelve",
"Counting Bugs","bugs","one","two","three","four","five","six","seven","many",
"One Insect","body","five","four","head","legs","one","six","three","two",
"Counting Letters","one","two","three","four","five","six","seven","letter","word",
"The Street","bike","fence","flowers","friend","gate","mailbox","sidewalk",,,
"City Street","buildings","bus","city","food","people","sidewalk","steps","street","taxi",
"The City","big","buildings","buses","cars","noise","park","people","stores","streets",
"The Playground","bridge","gate","ladder","slide","swing","wheel","sandbox","playground",,
"Christmas Eve","cookies","eggnog","lights","meal","presents","stockings","tree","cards",,
"My Hanukkah","bread","candle","family","gift","Hanukkah","toy","candy","cookie",,
"Too Many Sweets","belly","brownie","cookie","cupcake","ice cream","pie","cake","candy",,
"Lunch At School","bag","carrots","cookie","friends","lunch","milk","napkin","noodles",,
"Valentine's Day Gifts","balloons","chocolates","cookies","flowers","gifts","valentine","candy","bear",,
"Pasta","curly","green","long","pasta","red","short","thin","wide","yummy",
"My Gift for Mom","bow","bowl","box","day","gift","hug","paper","smile",,
"The Garden","beans","corn","garden","melons","onions","peas","potatoes","tomatoes",,
"Play Ball","ball","baseball","basketball","beach","football","golf","soccer","tennis","volleyball",
"The Baseball Game","base","baseball","bat","helmet","team","uniform","field","hat","game",
"The Trip","book","car","clothes","dog","grandparents","map","seat belt","suitcase",,
"The Supermarket","bread","carts","cereal","eggs","fruits","meat","vegetables","checkout",,
"The Zoo","lion","tiger","bear","wolf","ape","chimp","snake","zebra","zoo",
"The School","art","classroom","gym","library","lunchroom","music","playground","room","school",
"The Classroom","backpack","book","classroom","chair","desk","eraser","paper","pencil",,
"Summer Camp","bus","kids","art","camp","games","lake","lunch","songs",,
"Summer Picnics","cups","foods","fun","hats","picnics","plates","shoes","summer","sun",
"The Post Office","letter","line","mailbox","scale","stamp","worker","money","post office",,
"The Bookstore","door","bookstore","chair","helpers","room","snacks","story","books",,
"On an Airplane","airplane","pilot","seat","snack","ticket","window","bag","sky",,
"The Subway","doors","gate","stairs","subway","ticket","tunnel",,,
"At The Lake","boat","dock","fish","lake","rock","swimsuit",,,
"The Backyard","backyard","ball","dog","fence","flower","hose","swing","tree",,
"My School Bus","bench","bus","door","school","seat","steps","walk","window",,
"Fido Gets Dressed","boots","cape","mask","scarf","sunglasses","sweater",,,
"Picking Apples","apples","basket","farmer","friends","ladder","tractor",,,
"My Closet","belts","blankets","closet","hangers","pants","shoes",,,
"The Birthday Party","balloons","birthday","candles","gifts","guests","singing",,,
"Show Some Love","card","gift","hand","hug","kiss","lick","pat","smile",,
"This Kitchen","cookie jar","counter","cupboard","fridge","sink","stove","toaster","trash can",,
"My Bath","bath","bubbles","shampoo","soap","towel","tub",,,
"Toys","bear","blocks","drum","kite","paint","plane","robot","wagon",,
"We Build","draw","drill","glue","hammer","hang","paint","sand","saw",,
"We Go Camping","camp","drive","spot","stories","tent","tools",,,
"The Fort","blankets","chairs","food","fort","friends","games","lights","pillows",,
"My Garden","garden","hoe","hose","plants","seeds","shovel",,,
"The Book","back cover","front cover","letters","number","pages","title",,,
"My Easter","basket","candy","dress","Easter","eggs","family",,,
"Mom","eyes","help","love","smile","tuck","voice",,,,
"The Movie","line","movie","popcorn","screen","seats","tickets",,,
"My Family","brother","family","father","grandfather","grandmother","me","mother","my","sister",
"Good Night","blanket","dream","kiss","Moon","pillow","story",,,,
"Funny Cat","funny","cat","hat","shirt","bow","tie","pants","boots","glasses",
"Big","big","bus","car","dinosaur","dog","elephant","house","plane","tree",
"Little","baby","bug","car","dog","house","little","mouse","plane","tree",
"Under","bed","chair","desk","pillow","swing","table","tree","umbrella","under",
"On","airplane","bed","bike","fence","house","on","skates","swing","table",
"In","bathtub","boat","car","grass","house","in","mud","wagon","water",
"Out","bathtub","boat","car","grass","house","mud","out","wagon","water",

"Off","chair","computer","couch","off","step","towel",,,,
"Over","ball","bat","bike","cat","doll","hole","log","pot",,
"The Market","cookies","market","farmers","tents","jam","vegetables",,,
"These Are Opposites","dry","round","lat","small","hat","wet",,,,
