RAZ Level,Book Title,Word List
aa,Farm Animals,animals, chicken, cow, dog, duck, goat, pig, sheep
aa,Go,Go,Go,animals, birds, cats, cows, dogs, ducks, go, goats, pigs
aa,Jump Over,cat, cow, deer, fox, girl, goat, horse, jumps, over
aa,Pets,bird, bunny, cat, dog, goldfish, hamster, mouse, turtle
aa,Plains Animals,crocodile, elephant, giraffe, ostrich, plains, zebra
aa,Rainforest Animals,beetle, butterfly, monkey, parrot, rainforest, snake
aa,The Coast,beach, birds, cliff, coast, lighthouse, ocean, rocks, waves
aa,Water,ice, lake, ocean, rain, river, snow, water
aa,Spring,ball, bikes, birds, bunny, flowers, rain, rainbow, spring
aa,Summer,ball, beach, flowers, garden, rain, summer, sunshine, swimsuit
aa,It Is Fall,acorn, apple, corn, jacket, leaf, moon, pumpkin, rake
aa,Winter,coat, fire, ice skates, mittens, sled, snow, snowman, winter
aa,The Ocean,coral, crab, ocean, sand, seaweed, starfish
aa,The Plant,dirt, hole, plant, rain, seed, shovel, sunshine
aa,The Chicken,beak, chicken, egg, feathers, feet, legs, tail, wings
aa,These Birds,birds, crows, doves, eagles, geese, hawks, owls, turkeys
aa,Rain on fairyland,animals, fairies, flowers, leaves, rain, roofs
aa,Jungle Friends,friends, frog, jungle, monkey, snake, tiger
aa,Animals Nap,bat, fish, giraffe, horse, lizard, naps
aa,Colorful Eggs,blue, colorful, egg, green, orange, pink, purple, red
aa,Purple,shirt, hat, backpack, ball, bucket, flip-flop, ice pop, purple
aa,Yellow,bus, cab, hat, light, lines, signs, truck, vest, yellow
aa,Blue,bench, bike, blue, bottle, helmet, playground, sky, slide, swing
aa,Green,bird, forest, frog, grass, insect, leaf, lizard, moss, snake
aa,Orange,butterfly, field, flower, leaf, orange, pumpkin, snake, sunset, tree
aa,Red,apple, beet, cherry, pepper, potato, radish, red, strawberry, tomato
aa,White,fox, igloo, owl, seal, snow, whale, flowers, eggs, white
aa,Black,cape, sheet, stage, suit, tie, wand, hat, rabbit, black
aa,One,bed, blanket, book, desk, one, pillow, rug, toy, window
aa,Two,birds, bugs, cats, cows, dogs, fish, horses, kids, two
aa,Three,bears, camels, elephants, frogs, lions, monkeys, pandas, three
aa,Four,airplanes, boats, buses, cars, carts, four, trucks, vans, wagons
aa,Five,bowls, chairs, cups, five, forks, lunches, pans, plates, spoons
aa,Six,coat, dresses, gloves, hats, pants, shirts, shorts, six, socks
aa,Seven,turtles, worms, bees, frogs, ladybugs, lizards, seven, snakes, spiders
aa,Eight,backpacks, bottles, chairs, eight, friends, hot dogs, lights, raincoats, sticks
aa,Nine,bulls, chickens, cows, geese, goats, horses, nine, pigs, sheep
aa,Ten,apples, beets, carrots, lemons, pears, potatoes, Ten, strawberries, tomatoes
aa,Eleven,balloons, candy bars, cards, cupcakes, eleven, friends, hats, pizzas, presents
aa,Twelve,aprons, bowls, cookies, cups, hats, pans, plates, spoons, twelve
aa,Counting Bugs,bugs, one, two, three, four, five, six, seven, many
aa,One Insect,body, five, four, head, legs, one, six, three, two
aa,Counting Letters,one, two, three, four, five, six, seven, letter, word
aa,The Street,bike, fence, flowers, friend, gate, mailbox, sidewalk
aa,City Street,buildings, bus, city, food, people, sidewalk, steps, street, taxi
aa,The City,big, buildings, buses, cars, noise, park, people, stores, streets
aa,The Playground,bridge, gate, ladder, slide, swing, wheel, sandbox, playground
aa,Christmas Eve,cookies, eggnog, lights, meal, presents, stockings, tree, cards
aa,My Hanukkah,bread, candle, family, gift, Hanukkah, toy, candy, cookie
aa,Too Many Sweets,belly, brownie, cookie, cupcake, ice cream, pie, cake, candy
aa,Lunch At School,bag, carrots, cookie, friends, lunch, milk, napkin, noodles
aa,Valentine's Day Gifts,balloons, chocolates, cookies, flowers, gifts, valentine, candy, bear
aa,Pasta,curly, green, long, pasta, red, short, thin, wide, yummy
aa,My Gift for Mom,bow, bowl, box, day, gift, hug, paper, smile
aa,The Garden,beans, corn, garden, melons, onions, peas, potatoes, tomatoes
aa,Play Ball,ball, baseball, basketball, beach, football, golf, soccer, tennis, volleyball
aa,The Baseball Game,base, baseball, bat, helmet, team, uniform, field, hat, game
aa,The Trip,book, car, clothes, dog, grandparents, map, seat belt, suitcase
aa,The Supermarket,bread, carts, cereal, eggs, fruits, meat, vegetables, checkout
aa,The Zoo,lion, tiger, bear, wolf, ape, chimp, snake, zebra, zoo
aa,The School,art, classroom, gym, library, lunchroom, music, playground, room, school
aa,The Classroom,backpack, book, classroom, chair, desk, eraser, paper, pencil
aa,Summer Camp,bus, kids, art, camp, games, lake, lunch, songs
aa,Summer Picnics,cups, foods, fun, hats, picnics, plates, shoes, summer, sun
aa,The Post Office,letter, line, mailbox, scale, stamp, worker, money, post office
aa,The Bookstore,door, bookstore, chair, helpers, room, snacks, story, books
aa,On an Airplane,airplane, pilot, seat, snack, ticket, window, bag, sky
aa,The Subway,doors, gate, stairs, subway, ticket, tunnel
aa,At The Lake,boat, dock, fish, lake, rock, swimsuit
aa,The Backyard,backyard, ball, dog, fence, flower, hose, swing, tree
aa,My School Bus,bench, bus, door, school, seat, steps, walk, window
aa,Fido Gets Dressed,boots, cape, mask, scarf, sunglasses, sweater
aa,Picking Apples,apples, basket, farmer, friends, ladder, tractor
aa,My Closet,belts, blankets, closet, hangers, pants, shoes
aa,The Birthday Party,balloons, birthday, candles, gifts, guests, singing
aa,Show Some Love,card, gift, hand, hug, kiss, lick, pat, smile
aa,This Kitchen,cookie jar, counter, cupboard, fridge, sink, stove, toaster, trash can
aa,My Bath,bath, bubbles, shampoo, soap, towel, tub
aa,Toys,bear, blocks, drum, kite, paint, plane, robot, wagon
aa,We Build,draw, drill, glue, hammer, hang, paint, sand, saw
aa,We Go Camping,camp, drive, spot, stories, tent, tools
aa,The Fort,blankets, chairs, food, fort, friends, games, lights, pillows
aa,My Garden,garden, hoe, hose, plants, seeds, shovel
aa,The Book,back cover, front cover, letters, number, pages, title
aa,My Easter,basket, candy, dress, Easter, eggs, family
aa,Mom,eyes, help, love, smile, tuck, voice
aa,The Movie,line, movie, popcorn, screen, seats, tickets
aa,My Family,brother, family, father, grandfather, grandmother, me, mother, my, sister
aa,Good Night,blanket, dream, kiss, Moon, pillow, story
aa,Funny Cat,funny, cat, hat, shirt, bow, tie, pants, boots, glasses
aa,Big,big, bus, car, dinosaur, dog, elephant, house, plane, tree
aa,Little,baby, bug, car, dog, house, little, mouse, plane, tree
aa,Under,bed, chair, desk, pillow, swing, table, tree, umbrella, under
aa,On,airplane, bed, bike, fence, house, on, skates, swing, table
aa,In,bathtub, boat, car, grass, house, in, mud, wagon, water
aa,Out,bathtub, boat, car, grass, house, mud, out, wagon, water
aa,Off,chair, computer, couch, off, step, towel
aa,Over,ball, bat, bike, cat, doll, hole, log, pot
aa,The Market,cookies, market, farmers, tents, jam, vegetables
aa,These Are Opposites,dry, round, lat, small, hat, wet
A,Pond Animals,ducks, frogs, pond, swans, turtles, worms
A,My Dog,climb, dig, dog, hug, jump, over, roll, run, sit, swim
A,The Big Cat,cat, cleans, climbs, eats, hides, looks, plays, runs, sleeps
A,The Forest,deer, forest, fox, mushroom, rabbit, squirrel, stream, tree
A,Mom and I,apes, dolphins, elephants, giraffes, kangaroos, zebras
A,What Lives Here?,animals, bear, bee, child, deer, fish, frog, here, live, worm
A,Baby Animals,calf, chick, cub, foal, kid, kitten, lamb, puppy
A,I Love Flowers,daisies, flowers, lilies, love, mums, poppies, roses, sunflowers, violets
A,Hamster Home,ball, cage, food, hamster, home, nest, tube, water, wheel
A,Oh,Raccoon,awake, hungry, messy, raccoon, smart, sneaky
A,Birds Goes Home,tree, farm, city, street, tables, cars, mountains, home
A,Spring Weather,clouds, comes, flowers, fog, rain, spring, storm, sun, wind
A,Vegetables,broccoli, cabbage, chile pepper, lettuce, potato, vegetables
A,Fruit Colors,blue, fruits, green, orange, pink, purple, red, yellow
A,Hello, Butterfly,big, butterfly, green, hello, new, red, small, spotted, striped
A,Shapes in Nature,circle, heart, oval, shape, spiral, square, star, triangle
A,Spring and Fall,birds, corn, fall, leaves, see, spring
A,The Rainstorm,clouds, lightning, puddle, rain, rainbow, sky, Sun
A,Rabbits,big, black, fast, fluffy, rabbit, short, small, tall, white
A,Snake Colors,black, blue, green, orange, pink, red, snake, white, yellow
A,I See My Colors,blue, brown, gold, green, orange, pink, purple, red
A,Bird Colors,bird, blue, brown, colors, gray, green, orange, pink, purple, red, yellow
A,Bedtime Counting,count, five, four, I, many, one, seven, sheep, six, three, two
A,Carlos Counts Kittens,five, four, kittens, many, one, seven, six, three, two
A,Maria Counts Pumpkins,five, four, one, pumpkin, seven, six, three, two
A,This Insect,beautiful, furry, insect, shiny, spotted, striped
A,Halloween Pumpkins,face, Halloween, make, monster, pumpkin, spider
A,Fruit,fruit, cherry, pear, banana, tomato, apple, orange, lemon
A,Going Places,bike, boat, bus, car, horse, plane, skateboard, train
A,Now We Bake,bake, frost, pour, serve, shop, wait
A,My Easter Eggs,fancy, plain, silly, spooky, starry, stormy
A,This Is My Halloween,brother, bucket, candy, Halloween, jacket, pumpkin
A,Halloween Houses,candles, fog, ghosts, monsters, pumpkins, webs
A,Smells Like Thanksgiving,gravy, smell, stuffing, Thanksgiving, turkey, yams
A,This Feels,dry, feels, rough, smooth, warm, wet
A,Where to Go,beach, game, museum, parade, playground, woods
A,Car Parts,car, doors, engine, lights, seats, seat belts, trunk, wheels, window
A,Fun In The Water,dive, fish, float, paddle, play, sail, splash, swim, water
A,I Draw A Bunny,body, bunny, draw, ears, tail, teeth
A,Sundae Time,add, banana, berries, brownie, candy, hot fudge, ice cream, nuts, spoons
A,This Tastes,bitter, bland, juicy, old, sour, spicy
A,What Do I Hear?,hear, music, snores, waves, whispers, wind
A,The Mall,food, mall, people, stores, toys, workers
A,All Kinds Of Buttons,button, dark, large, metal, round, shiny, small, square, wooden
A,Make A Salad,add, lettuce, beets, onions, carrots, peppers, cheese, tomatoes, dressing
A,Move It,bounces, rolls, dumps, spins, falls, sprays, flies, toy, floats
A,Our Apartment Building,apartment, building, city, elevator, hallway, mailbox
A,This Is My Bear,bear, brown, ears, fat, feet, fur, love, soft
A,Write!,brush, computer, crayon, finger, marker, pen, pencil, stick, write
A,This Sounds,boring, noisy, quiet, silly, sounds, squeaky
A,Time for Eggs,carry, collect, cook, count, crack, eggs
A,This Looks,dirty, funny, pretty, shiny, ugly, wild
A,I Go,park, store, movies, zoo, library, room
A,My Room,bed, books, clothes, desk, fish, room, shoes, toys
A,A Fish Sees,book, friend, lamp, picture, sees, toy
A,Go Fly a Kite,butterfly, dragon, fly, kite, rainbow, shark
A,He Runs,boat, plane, pool, school, store, train
A,Maria Goes to School,backpack, brother, crayons, eraser, hug, lunch, pencils, ride, ruler, sweater
A,Carlos Goes to School,backpack, crayons, eraser, pencils, ruler, sweater
A,I Can,climb, crawl, hop, jump, play, ride, run, swing
A,Getting Dressed,backpack, belt, glasses, jacket, pants, put, shirt, shoes, socks
A,These Shoes,big, blue, funny, old, red, shiny, shoes, tall, wet
A,What I Like,bees, birds, flowers, outside, slide, swing
A,I Love Pirates,gold, love, parrots, ropes, sails, ships
A,The Parade,balloons, clowns, drums, flags, hats, horses, parade
A,I Dream,dream, monsters, robots, space, sports, super powers
A,Clean, Not Clean,clean, food, hand, not, room, shoe
A,Building with Blocks,boat, build, castle, house, maze, plane
A,My House,bathroom, bedroom, dining room, door, hall, house, kitchen, living room
A,Smile,brother, dad, dog, friend, mom, sister, smile, teacher, yourself
A,Make Me Laugh,clowns, comics, friends, laugh, pets, tickles
A,I Set the Table,cloth, flower, fork, glass, knife, napkin, plate, spoon
A,I Save Money,dime, dollar(s), nickel, penny, quarter, save
A,My Body,arm, belly, body, chest, foot, hand, head, leg, my
A,What Makes Me Happy,bubbles, friends, happy, make, swings, trains
A,My Hair,black, blond, braided, curly, hair, long, short, straight
A,Athletes,athletes, dive, ride, swim, throw, win
A,Nice, Not Nice,hit, kick, nice, pull, push, this
A,Safe, Not Safe,fire, ice, not, safe, street, water
A,You Can Dance,bend, dance, hop, leap, prance, skip, spin, step
A,I Can Skate,backward, fast, forward, jump, slow, spin
A,My Little Brother,brother, feed, help, hold, meet, rock
A,Muscles,jump, kick, lift, muscles, pull, push, run, smile, stretch
A,Dad and I,bake, bike, dad, garden, hug, play, swim, walk, write
A,For Mom,carry, clean, cook, draw, mom, read, sing, sleep, smile
A,My Face,cheek, chin, eye, eyebrow, mouth, nose
A,All kinds of Faces,excited, face, happy, mad, sad, scared, shy, sleepy, sorry
A,Grandparents Are Great,garden, golf, grandparents, hike, paint, sew
A,We Can Make Sounds,clap, pop, slap, snap, sounds, tap
A,In and Out,cats, cows, dogs, in, mud, out, pigs
A,Up and Down,dog, down, eyes, frog, hands, up
A,Who Has It ?,has, have, he, I, she, they, we, who, you
A,This Smells !,bad, clean, dirty, smells, sour, sweet
A,Opposites,closed, down, fast, open, slow, up
A,Hot and Cold,cold, food, hot, people, place, things
A,Christmas Cookies,bell, candle, cookies, flower, name, Santa, snowflake, snowman, tree
A,Where They Hid,above, behind, below, between, far, hid, inside, near, outside
A,Scary, Not Scary,house, scary, mask, treat, not, trick
A,This Lizard,bumpy, smooth, colorful, spotted, plain, striped
A,I Push,baby, cart, bike, door, button, swing
B,Taking Care of Chase,brush, dog, dry, feed, love, pet, walk, wash
B,The Pet Rats,chew, class, climb, drink, hide, sleep
B,Gracie's nose,birds, bugs, busy, ear, lunch, roses, sniffs, toes
B,Playful Puppy,ball, be, frog, get, let, little, mouse, puppy, sees, turtle
B,My Pet Dinosaur,beg, dinosaur, fetch, pet, roar, shake hands
B,On the Farm,animals, barn, chicken, cow, dog, duck, farm, field, goat, hay, hill, house, mud, pig, pond, sheep
B,Bonkers Likes to Bark,bark, bikes, birds, kids, likes, squirrels
B,Animal Sounds,bark, bees, birds, buzz, cats, chirp, cows, dads, dogs, ducks, hiss, lions, meow, moo, oink, pigs, quack, roar, snakes, snore
B,Pond Life,beavers, ducks, plants, pond, snails, turtles
B,Where is Water,ground, lakes, ocean, rivers, sky, water
B,I Love the Earth,desert, Earth, flower, hill, lake, mountain, ocean, river, tree
B,Animal Coverings,armor, feathers, scales, shells, skin, spines
B,Animal Ears,big, ear, long, pointed, round, small, spotted, striped
B,The New Forest Path,bird, bug, flower, forest, leaves, moss, path
B,What Has These Feet,animals, duck, little, elephant, big, feet, shark, soft, tiger
B,What Has These Stripes,animal, fuzzy, long, smooth, snake, stripes
B,What Has This Tail,animal, curly, long, person, short, tail
B,What Has These Spots,animal, cheetah, fawn, lemur, spots, tiny
B,Amazing Caves,bright, cave, crystals, drawings, sharp, shiny
B,Animals Can Move,crawl, hop, move, slither, swim, walk
B,Rain in the CIty,clouds, drain, lightning, puddle, rain, rainbow
B,Rain in the Country,clouds, lightning, mud, puddle, rainbow, Sun
B,Gobi Desert Animals,camels, eagles, Gobi Desert, horses, lizards, wolves
B,Wind Blows,across, leaves, against, sand, blows, wind
B,How Many Legs,animals, eight, four, legs, many, six, ten, two
B,what flies in the sky,balloon, bat, bee, bird, flies, kite, rocket, sky
B,Paint It Purple,door, fence, grass, hose, mom, paint, purple, shoes, swing
B,Our Show,act, bows, dance, juggle, sing, stars
B,Ten,bows, crows, jugs, mugs, roses, ten
B,My Brian,think, see, talk, listen, movw, sleep, laugh, everything
B,High or Low,balloons, boards, high, hoops, low, slides
B,Healthy Snacks,celery, cereal, cheese, healthy, seeds, snacks
B,Things Made of Wood,bridges, chairs, fences, made, puzzles, wood
B,What Gives Cover,cave, cover, log, mushroom, tent, umbrella
B,Fun With Paper,change, paper, fold, tape, glue, tear
B,Bananas Sometimes,always, bananas, boats, frowns, hands, pencils, smiles, sometimes, spiders, telephone
B,Henry's Hike,deer, hikes, mud, past, pond, trail
B,Applesauce,add, apples, applesauce, cinnamon, cook, cut, green, mash, red, yellow
B,We Pack a Picnic,apples, carrots, cheese, crackers, drinks, grapes, pack, picnic, sandwiches
B,The Picnic,apples, basket, cheese, chips, cookies, mouse, picnic, puts, sandwiches, soda pop
B,We Make Cookies,butter, eggs, flour, milk, mix, oven, salt, sugar, yum
B,Halloween Costumes,clown, costume, dragon, look, pirate, superhero
B,On Thanksgiving,clean, cook, drive, football, Thanksgiving, visit
B,The Aquarium,flip, float, glide, jellyfish, otters, tank
B,Too High,chair, hook, hoop, roof, shelf, sink
B,Trucks,carry, cement, garbage, logs, mail, trucks
B,So Many Shops,cheese, fruit, meat, sells, shop, vegetables
B,Animal Caution Signs,cattle, caution, elephants, kangaroos, turtle, watch
B,Stop That Cat,door, fence, nap, past, yard, zooms
B,Go Animals Go,animals, bike, boat, car, cat, cow, dog, duck, go, goat, horse, pig, plane, skates, train
B,I Read a Book,aunt, brother, dad, dog, grandma, grandpa, mom, read, sister
B,I Pick Up,blanket, book, pick, room, shoes, teddy bear
B,You and I,dance, fun, hike, ride, slide, swing
B,Carlos and His Teacher,add, clean, paint, share, teacher, write
B,Maria and Her Teacher,clean, read, smile, talk, teacher, write
B,I Love Art Class,airplane, art class, chain, drawing, flower, hat, love, mess, painting
B,Games We Play,baseball, dress-up, hide-and-seek, play, soccer, video games
B,The Big Game,cheer, dress up, football, friends, game, watch
B,Clean Is Not for Me,dirt, grass, hay, ketchup, oil, paint
B,Beach Fun,beach, castles, dig, kites, shells, swim
B,Taking the Bus,bus, pay, ride, school, wait, walk
B,Too Many Leaves,brown, gold, grandma, leaves, many, orange, rake, red, small
B,A Cold Day,air, car, cold, feels, fence, handle, hot chocolate, mail, mailbox, tree
B,The Kids Built It,built, city, house, park, road, store
B,Firefly,catching, Friday, Monday, Saturday, Sunday, Thursday, tried, Tuesday, Wednesday
B,Under My Bed,bat, bed, block, book, sock, under
B,We Do Not Share,answers, hairbrushes, secrets, share, tissues, toothbrushes
B,After School,act, bike, dance, play, sing, study
B,All By Myself,build, color, dress, listen, myself, think
B,Boats,boat, carries, logs, poilce, planes, trash
B,Old and New,bikes, houses, new, old, pickup trucks, teddy bears
B,The Sandwich,sandwich, make, bread, butter, lettuce, tomato, meat, bite, yummy
B,Valentines All Around,dad, pappy, granny, mom, one, you
B,Mixing Colors,brown, colors, mix, orange, purple, turn
B,It is School Time,breakfast, reading, recess, school, science, time
B,Time For Soccer,cleats, goal, greet, pass, score, uniform
B,I Am a Community Worker,construction worker, doctor, firefighter, nurse, pilot, police officer
B,Winter Fun,coats, mittens, pants, scarves, sleds, winter
B,It is Spring,animals, everywhere, leaves, plants, pops, spring
B,Sophie Goes for a Walk,fresh, jumpy, leash, mailman, sniffs, steak
B,Your or Mine,bed, food, my, room, tail, your
B,Near and Far Away,deer, far, lion, near, owl, wolf
B,You Can Go,across, around, backward, forward, over, through
B,Swing, Sydney, Swing,beside, between, chickens, nest, farm, swing
B,Bridges,bridges, made, metal, rope, stone, wood
B,Where,bear, brown, father, honey, house, mother
B,Are These His or Hers,clothes, jacket, jeans, pajamas, shirt, shorts
B,Lazy Lulu,blows, feather, fly, lazy, leaf, seed
B,Light and Heavy,dog, heavy, lift, light, log, rock, stick
B,The Hungry Goat,ate, clothes, goat, math, problem, stinky
B,Three Baby Birds,away, baby, birds, flew, grew, last, mama, rest
B,Two Little Dicky Birds,away, back, dicky birds, fly, hill, met
B,Wet Wally,lunch, phone, shoes, swimming, tie, wet
B,Drop It,burger, doll, drop, keys, paper, slipper
B,Mouse in the City,city, climbs, hides, lucky, nibbles, smells
B,Crows on a Wire,another, away, crow, flew, landed, wire
B,Wake up, Rooster,farmer, horse, long, rooster, slept, woke
B,Make a Superhero,cape, mask, muscle, power, saves, superhero
B,This Turtle,turtle, small, swim, walk, digg, snap, hide
C,What Is at the Zoo,bears, dinosaurs, elephants, giraffes, lions, monkeys, sea lions, tigers, zoo
C,More Baby Animals,called, donkey, gorilla, know, koala, owl
C,All About Spiders,climb, eggs, eight, lays, silk, spiders
C,Ladybugs,colors, insects, ladybugs, plants, spots, stripes
C,Apple Tree,blooms, comes, cycle, grows, sprout, wait
C,How Frogs Grow,eggs, froglets, frogs, grow, lays, legs, smaller, tadpoles, tails
C,Moms Do So Much,cuddling, feeding, protecting, singing, teaching, washing
C,Allie and Ollie,chase, dogs, people, sisters, sleep, think
C,What Animals Eat,bugs, crunch, fish, fruit, grass, gulp, leaves, munch, seeds, slurp, zap
C,The Animals of Canada,bear, eagle, goose, lives, loon, moose
C,Different Kinds of Sharks,different, sharks, sharp, spots, stripes, teeth
C,We Count,count, crickets, fleas, grubs, slugs, ten
C,Many Kinds of Dinosaurs,dinosaur, head, kind, leg, live, teeth
C,Snow Falls,clouds, desert, falls, forest, mountains, plains
C,Strange Animals,animals, blue dragon, living, rosy, strange, water bear
C,That's a Fruit,avocado, eggplant, fruits, pumpkin, surprise, tomato
C,All About Penguins,birds, black, cold, penguins, swim, white
C,All about Earthworms,big, blue, brown, earthworm, plant, red, ring, small, soil
C,Ice,forms, freezes, ice, slippery, water, wet
C,Animals That Sting,defend, hurt, jellyfish, safe, sting, wasp
C,How Many?,arms, candles, eight, eyes, five, four, kites, nine, see, seven, six, smiles, three, two, wheels, windows, wings
C,Spirals, Spirals Everywhere,cloud, finger, horn, shape, shell, spiral
C,Space,comets, day, Moon, night, planets, satellites, sky, space, stars
C,The Moon,changes, cycle, dark, different, full, thin
C,Then and Now,camera, cell phone, computer, new, old, television
C,The Woodsy Band Jam,banjo, bear, drum, elk, fiddle, fife, fox, horn, jam, owl, rabbit, raccoon, spring, woodchuck
C,Yummy, Yummy,apples, bananas, carrots, cookies, corn on the cob, jam, lima beans, peas, pizza, popcorn, yucky, yummy
C,Mash the Potatoes,boil, count, eat, mash, peels, potatoes
C,Making Salsa,chips, cilantro, lemon juice, onion, pepper, peppers, salsa, salt, tomato
C,We Learn to Swim,dunk, float, learning, paddle, practice, swim
C,The Easter Egg Hunt,Easter, eggs, find, pot, rake, swing
C,What Can I Be,ghost, Halloween, mummy, pale, shiny, sweet
C,Going Away,chug, float, pedal, rocket, sail, zoom
C,A Place Called Home,city, country, home, state, street, world
C,City Shapes,hexagons, oval, rectangles, shapes, squares, triangles
C,Road Trip,bridge, dam, Grand Canyon, mountain, road trip, yawns
C,Shadows,blocked, long, round, shape, short, square
C,Building a Road,built, flattened, gravel, painted, paved, spread
C,Airplanes,airplanes, detail, grow, idea, machines, main, places, tricks, ways
C,Rocks,boulder, broke, mountain, pebble, rock, stone
C,Get In,boy, cannot, dog, duck, elephant, girl, in, man, pig, woman
C,We Buy,bank, buys, clothes, crayons, furniture, tools
C,Birthday Party,bakery, balloon, birthday, games, party, shopping
C,Fall Fun,carve, fall, friends, pick, rake, roasted
C,Busy at School,busy, children, count, game, numbers, picture, school, share, snacks, song, story, toys
C,Taking Turns,cut out, drink, first, read, slide, turn
C,What Can We Draw,draw, hairy, heap, fluffy, shower, together
C,I Can Be,cheetah, meek, peacock, proud, silent, slug
C,At the Fair,fair, favorite, giant, painted, tiny, wheel
C,Teeth Brushing Fun,back, bottom, brush, front, minutes, teeth, toothpaste, top, twice
C,What I Want,dog, dream, feed, hug, love, play, read, something, teach, want, walk
C,My Clothes Are Too Small,brother, grown, small, summer, sweatshirt, too
C,Pairs,dice, eyes, gloves, one, pair, shoes, skates, socks, twins, two, wings
C,I Looked Everywhere,closet, everywhere, looked, shoe, toy box, under
C,I Won't,book, mask, picture, scary, song, watch
C,Jack and Lily's Favorite Food,chicken, different, pork, salmon, same, tuna
C,Spring Cleaning,basement, clean, kitchen, living room, porch, spring
C,Machines at Home,blender, dry, freeze, machines, make, wash
C,I wonder,animals, cats, fish, lots, purr, sheep, sleep, wonder, wool
C,Go Away, Lily,ate, played, ran, read, sat, slept
C,Lucy Did It,clang, crash, ding, plop, rip, whoosh
C,We Make a Snowman,arms, eyes, friends, house, mouth, nose, play, snow, snowman, soup
C,New Again,airplane, bucket, drum, fort, make, phone, puppet, sprinkler, things
C,Water Fight,bucket, noodle, soaked, sponge, squirt gun, water balloon
C,Tools,carrying, digging, knife, pounding, tools, wheelbarrow
C,Pick Me !,agreed, always, everyone, kickball, last, picked
C,We Make Good Choices,choices, fair, healthy, helpful, quiet, try
C,What's for Breakfast,bacon, breakfast, cereal, eggs, fruit, muffin, toast, yogurt
C,Winter Hats,floppy, funny, furry, fuzzy, hat, long, silly, wear, winter
C,You Like What,crickets, mealworms, spiders, squid, surprising, water bugs
C,The Festival of Lights,candle, festival, Hanukkah, lights, middle, night
C,I Can Help,clean, wash, plant, make, hold, wash, feed
C,Quiet or Loud,game, library, loud, places, play, quiet
C,How Many Wheels?,four, move, one, three, two, wheels
C,What Do I Wear,chest, heart, smile, waist, wears, wrist
C,Wash Your Hands,bathroom, between, fingers, pet, sneeze, wash
C,Elephant Car Wash,driver, tire, elephant, washes, laughs, window
C,How Things Move,push, pull, lift, drop, roll, hit
C,Fall Foods,apples, beets, cabbages, fall, foods, pears, potatoes, pumpkins, ripe
C,Feelings,angry, feelings, happy, sad, scared, sometimes
C,What's My Job,art, boss, drives, jobs, teacher, women
C,When is Nighttime,blink, lights, nighttime, rises, shine, sleep
C,Take a Bite,bite, dessert, hated, one, plate, take
C,Fall,corn, frost, grass, leaves, moon, pumpkins
C,What Season Is It,change, fall, grow, spring, summer, winter
C,My Teacher,caring, creative, helpful, interesting, smart, talented
C,Sherman Sure Is Shy,fancy, grand, proud, shy, sure, wonderful
C,Selfish Sasha,eraser, help, luck, selfish, share, time
C,Open and Close,book, box, cage, close, door, drawer, jar, open, quick, window
C,There is a Mouse in the House,air, boat, cup, fox, house, tea
C,Mongo and Cutie,Grandma, hide, lunch, nice, play, run, tries
C,One Stubborn Horse,begged, brushed, fed, stubborn, tickled, washed
C,Who Stole the North Pole,candy cane, North pole, polar bear, reindeer, Santa, taken
C,Who, Who, Who,alligator, eat, fly, hunt, owl, play, read, sing
C,Abby and Zots,arms, different, eyes, friends, legs, space
C,I Want to Be a Cat,hunt, jump, movies, purr, scratch, stretch
C,The Box,anywhere, backyard, climb, mountains, ocean, special
C,Too Hot !,catch, climb, hot, outside, ride, sprinkler
C,Build a World,build, clouds, empty, friends, water, world
C,What Does the Wind Move,floats, something, lifts, turns, pushes, wind
C,We Are All People,clothes, live, different, same, homes, world
C,Making Music,board, drum, horn, pluck, rattle, strum
C,My Tree House,deck, cozy, tall, view, window, wooden
D,Grow, Vegetables, Grow,cucumber, grow, onion, plants, salad, vegetables
D,Bees Feed Me,bees, favorite, feed, help, job, without
D,Whale Watching,carefully, docks, spot, surface, tricky, whales
D,Frog is Hungry,buzz, crunch, eats, fly, food, frog, hop, hungry, munch
D,Where Animals Live,burrow, octopus, pond, prairie dog, whale, woodchuck
D,Swamps,clean, fresh water, healthy, salt water, soil, swamp
D,Bats Day and Night,bats, cave, evening, hanging, hunting, returning
D,Welcome Back, Butterflies,eggs, fall, north, plants, seeds, south, spring, sprout
D,Where Plants Grow,air, inside, outside, plants, pots, rocks, sand, soil, sunlight, water
D,Fog,fog, form, ice, spooky, still, water
D,Clouds,blue, creamy, darker, fuzzy, jumbo, puffy, round, sky, tall, thick
D,Future Flowers,bulbs, fall, plan, plant, spring, winter
D,Under That Rock,grub, silky, slow, smooth, surprises, wiggly
D,No, Lily, Don't !,bored, butterfly, gray, jumped, lizard, play
D,Polly Gets Out,cage, children, flew, path, playground, safe
D,Lily the Cat,circled, couch, crossed, curled, jumped, strolled
D,Insect Wings,clear, covers, insects, spotted, wasp, wings
D,Animal Horns,antelope, curved, fighting, horns, scratching, straight
D,To the Woods,bushes, climbs, crawl, hiding, squirrel, woods
D,The Busy Pond,busy, cattails, lily pads, pond, turtles, water
D,Tadpole Teasing,frog, grew, like, odd, strange, tadpole
D,Cranberries,bogs, cranberries, dried, fruits, sauce, tart
D,River Otters,amazing, breath, catching, fur, river otters, swimming
D,Reindeer Are Real,born, real, reindeer, sleds, travel, weigh
D,All About Foxes,bushy, foxes, fur, hunters, mammals, pointy
D,Tiger Sharks,blunt, eyesight, fins, gills, stripes, tiger sharks
D,Who Runs Faster,antelope, cheetah, faster, run, squirrel, tortoise
D,How Do They Swim,bodies, fins, flippers, paws, swim, tails
D,Animal Tongues,brush, long, sticky, strong, thin, tongues
D,Why Does an Octopus Need Eight Arms,arms, catch, combing, eight, high fives, octopus
D,Less Than,compare, count, fewer, less than, numbers, total
D,Greater Than,compare, greater than, greatest, more, numbers, vegetables
D,I Count 100 Things,count, gumdrops, igloo, marshmallow, paperclips, rainbow
D,At the Library,books, library, listen, read, stories, visit
D,A Day for Dad,breakfast, catch, Father's Day, picnic, plan, together
D,My Neighborhood,bakery, fire station, grocery store, library, neighborhood, streets
D,Getting Around the City,airport, bike, bus, car, ferry, house, office, school, skateboard, store, subway, taxi, walk, work
D,Give Them Back !,Easter, hunt, plan, sneaky, sorry, takes
D,Maria's Halloween,ghost, Halloween, pumpkin, spider, treat, trick
D,Country Places,city, corral, country, farmhouse, orchard, shed
D,My New School,bus, car, city, country, friends, learn, morning, preschool, read, stories, teacher
D,My New City,city, different, freeway, moved, stores, subway
D,At a Fall Fair,bob, explore, fair, fall, hay, maze
D,Imagine the Beach,crashing, dive, imagine, rough, salty, sense
D,Bubbles,bubbles, colorful, material, pockets, solids, stick
D,We Give Away,bear, giving, keep, old, pile, puzzle
D,To the Store,book, bookstore, clothing, coat, food, grandfather, grandmother, pet, shoes, shop, toy
D,Our Good Night Story,book, brings, buddy, choose, climb, night, read
D,Nothing Scares Me !,broccoli, ghost, gorilla, pirate, scared, vampire
D,What Do You See ?,bark, bumps, fern, ink, lamp, pieces
D,Let's Make a Bird Feeder,bird feeder, birdseed, dried, fruit, hang, slices
D,Mud Balls !,dry, mix, mud, sand, scoop, shape
D,Animal Costumes,bandanna, costumes, fins, mane, snout, wear
D,Because You Recycle,counters, litter, newspaper, plastic, recycle, steel
D,I Need an Eraser,drawer, eraser, fixed, found, mistake, need
D,Buddy the Bear,different, fall apart, lost, loved, old, teddy bear
D,Shave It Off !,ago, beard, hairy, shave, smooth, wild
D,Katie and Katie,both, class, idea, name, student, turn
D,Just a Trim,fun, haircut, scared, shorter, snip, trim
D,My First Class Play,acting, costume, lines, nervous, props, stage
D,Backyard Camping,backyard, camp, flashlights, pajamas, sleeping bags, tent
D,I Hide,behind, covers, hide, inside, sleepy, time
D,Pillow Fort Password,anyway, cookies, know, password, pillow fort, wanted
D,Tootsie Can Talk,birthday, cake, good, make, nothing, sweet
D,Dollars and Cents,bill, carry, cents, dime, dollar, half dollar, nickel, penny, quarter
D,I Like My Hair,braids, curly, different, spikes, straight, swing, upside down
D,I Did Not Give Up,float, give up, important, keep, tie, trying
D,Who Wants to Play Basketball,aunt, basketball, find, neighbor, plans, schoolwork
D,Hobbies,collecting, create, enjoy, hobbies, relax, writing
D,Senses,ears, eyes, fingers, hear, nose, see, senses, smell, taste, tongue, touch
D,Community Helpers,baker, community, construction worker, doctor, firefighter, important, police officer, service dog, teacher
D,Caretakers,babysitter, dentist, firefighters, gardener, police officers, road worker
D,Workers,baker, farmer, grocer, miller, trucker, workers
D,The Team,baseball, batter, catcher, important, infielder, outfielder, pitcher, players, team, together
D,Amazing Places to Work,amazing, captain, miner, pilot, ranger, stage
D,Why Can't I ?,climb, dance, jump, kitchen, paint, shelves, slide, wash
D,Sky High !,bumpy, climbs, gorilla, jumps, monkey, mossy
D,Best Friends Q and U,earthquake, quilt, square, squeal, squint, squish
D,The Sky is Falling,bear, deer, falling, fox, head, hits, mouse, nut, owl, rabbit, runs, sky, squirrel
D,What ?,breakfast, curious, dinner, fish, lunch, pizza, please, snack
D,Swamp Music,band, music, play, quiet, swamp, whole
D,The Mitten,ant, bear, blue jay, cold, fox, mitten, rabbit, squash, squeeze, squish, warm
D,Stone Soup,brought, feast, hungry, idea, soup, stone
D,Little Loon,alone, cold, lonely, loon, sleepy, swam, warm
D,Pick a Pie,blackberries, cups, enough, picked, pie, plenty
D,Do Not Eat That !,finds, eat, hungry, space, trash, tree
D,What to Wear,closet, clothes, gives, space, style, takes
D,Silent E,change, hears, mean, silent, sound, words
D,How We Get to School,children, world, different, way, ride, donkey, sled
D,The Wheel,wheel, truck, hill, fence, field, cow, barn, chicken, bridge, river, town
D,These Bees,birdhouse, log, bus stop, mailbox, home, need
D,So Many Fish,bright, shiny, fancy, spotted, scary, striped
E,Arctic Animals,antlers, Arctic, caribou, hunt, orcas, packs
E,All About Orcas,breathe, dolphins, hunters, mammals, orcas, packs
E,Which Tree,hollow, roots, sharp, syrup, trunk, umbrella
E,Places Plants and Animals Live,deserts, dry, hot, oceans, salty, mountains, tall, steep, plains, grassy, flat, rivers, rainforests, wet, tundra, cold
E,Not Enough Snow,family, fort, mountain, snowballs, dig, tunnels, winter, fun, tonight, back on, shovel, sidewalk
E,I Am Your New Plant,pot, soil, water, sunlight, company, attention, patient, talk, sing, magic, tricks, grow
E,Country Animals,deer, twigs, robins, nests, squirrels, nuts, geese, ducks, swim, lakes, raccoons, wash, food, foxes, run, play, fields, cows, grass, mice, grains
E,What's In That Pouch,baby, bilbies, koala, kangaroo, pouch, wallaby
E,In the Mountains,animals, anything, chipmunk, furry, gray, hungry, lives, many, mountains, proud, sly, small, squirrel, striped, strong
E,The First Strawberry,bloom, fruits, patch, pests, spread, strawberries, sequence
E,The Four Seasons,fall, snow, spring, summer, winds, winter, colder, seasons, longer, shorter
E,The Storm,clouds, lightning, rain, sky, thunder, winds, blow, crashes, darker, flashes, gather
E,A Walk With Mom,picked, popped, ripe, strawberry, wild, woods
E,Sloth Wants to Snooze,forgot, noisy, rainforest, sloth, snooze, tired
E,Class Pets,Care, classes, guinea pig, hamster, pets, squeak
E,City Animals,dogs, ducks, geese, hawks, mice, opossums, pigeons, raccoons, squirrels, animals, cities
E,Animals, Animals,camels, elephants, elk, foxes, giraffes, hippos, polar bears, zebras
E,All About Coyotes,coyotes, dens, howl, mammals, packs, pups, detail, idea, main
E,Shapes in Tide Pools,animals, claws, crab, mussel, oval, pools, rocky, shaped, shores, snail, starfish, tide, triangle
E,All Kinds of Musical Instruments,bow, buzz, instruments, music, sounds, strings
E,How Many Teeth,different, fangs, numbers, opossum, teeth, vampire bat, classify, information
E,Five Seconds to Blastoff,blastoff, control room, rocket, seconds, space, T.rex
E,Ava Is a Vegan,dairy, grains, ground, oatmeal, tofu, vegan, different, same
E,Crazy Cakes,difference, Earth, electricity, recycle, reuse, tend, author, purpose
E,Skateboards,contests, helmets, pads, ride, skateboard, tricks, detail, idea, main
E,City Places,park, parking garage, skyscraper, stadium, store, zoo, city, place
E,Let's Make Lemonade,lemons, pitcher, spot, squeeze, sweet, thirsty, roll, seeds, spill, sticky
E,Say Cheese,bubbles, burner, curd, drain, strainer, whey
E,Let's Carve a Pumpkin,carve, draw, light, pumpkin, scoop, seed
E,Nothing for Father's Day,computer game, crash, enough, everyone, socks, ties
E,Kaden’s Kwanzaa,African, American, celebrates, crafts, feast, heritage, Kwanzaa
E,The Leaning Tower,bell tower, lean, Pisa, safe, weights, workers
E,Goodbye Snow,removed, shovel, snow dumps, snow melter, snowblower, snowplow
E,Muddy Boots,covered, mess, mop, noticed, someone, tracks
E,Caring for Earth,difference, Earth, electricity, recycle, reuse, tend
E,At the Rodeo,barrels, belt buckles, broncos, bulls, ride, rodeo
E,Lunch Boxes,common, fancy, lunch boxes, plain, rectangles, round
E,Hooray for the Farmer's Market,artist, baker, band, farmer, gardener, market
E,Fantastic Phil,adopt, budge, face, orphan, relief, toil, finally
E,Shoes Men Wear,beach, cleats, dance, flip-flops, hiking boots, men, park, pumps, shoes, slippers, sneakers, snow, soccer, sport, tough, warm, wear, winter, women, woods, work boots
E,Shoes Women Wear,beach, cleats, dance, flip-flops, hiking boots, men, park, pumps, shoes, slippers, sneakers, snow, soccer, sport, tough, warm, wear, winter, women, woods, work boots
E,Getting Ready for School,backpacks, breakfast, everywhere, friends, Monday, paper, pencils, Sunday, teeth
E,Stop Snoring,instruments, loudly, snoring, squeeze, style, wake
E,When I Grow Up,alone, anything, by, cookies, drive, eat, job, late, milk, movies, myself, shopping, stay
E,How to Tie Your Shoes,cross, face, lace, pinch, reach, tight, through, use
E,Make a Tree Friend,apple, birch, elm, maple, oak, pine, willow
E,Jobs We Do at School,collector, jobs, leader, pass, saver, students, energy
E,What Is in the Box,dropped, knocks, mail, placed, smashed, Special Delivery, stamped, torn, tossed
E,The Contest,bench, break, contest, farther, farthest, mine, next, past, seed, spit
E,Hugs,enormous, giant, huge, miserable, rotten, terrible, favorite, horrible
E,Lost and Found,guard, lost, safe, salesperson, stranger, uniform, though
E,Dolly's Drama Queen Day,breath, drama queen, funny, sobbed, spilled, stomped
E,The Class Pet,feed, help, problems, solve, turn, wanted, problem, solution
E,Winter Sports,climbing, ice hockey, skiing, snowboarding, snowshoeing, sports, classify, information
E,Food Trucks,barbecue, crowds, kitchen, seafood, tacos, taste
E,Bath Time,bath, bubbles, slips, time, tub, tugboat
E,All Kinds of Factories,buildings, goods, machines, parts, robots, turns
E,A Day of Firsts,exciting, first, grade, learn, meet, pack
E,All Kinds of Farms,chickens, cotton, cows, fruits, sheep, sugarcane, apples, breakfast, butter, cheese, clothes, eggs, milk
E,I Am Thankful,curly, music, show, thankful, trains, trips
E,Making Pizza,cheese, pepperoni, pizza, sauce, spread, toss, flat, high, oven, round
E,The Sisters C,ceiling, cement, cereal, concerts, hard, soft, compare, contrast
E,Sew Who,beak, felt, owl, pin, sew, stuffing, use
E,Grandparents Day,bakes, grandparents, piano, share, together, watches
E,Doctor Jen,ache, brother, cough, doctor, earache, father, grandfather, grandmother, knees, mother, sister, stiff, throat, vet
E,I'd Like to Be,artist, astronaut, ballerina, cowboy, mermaid, pirate, clown, musician, zookeeper
E,I Work at the Stables,coat, hoof, stable, stall, stretch, watch
E,Police Officers,crimes, laws, officers, people, police, safe, direct, problems, traffic, travel
E,Time for Bed,bed, brushes, drinks, pajamas, reads, washes, clothes, face, glass, hands, teeth
E,Calming Down,angry, breathe, calm, feelings, slowly, think
E,A Week with Grandpa,Friday, Monday, Saturday, Sunday, Thursday, Tuesday, Wednesday
E,Try, Try Again,failed, monkey bars, muscles, stronger, studied, tried, analyze, character
E,The Boy Who Cried Wolf,cried, liars, sheep, trick, truth, wolf
E,What's for Dinner,bear, bending, bird, delicious, frog, giraffe, grass, hanging, hungry, leaves
E,The Brothers G,gel, goblins, goggles, gorgeous, hard, soft
E,Too Much Work,body, eyes, fluffs, ready, stripes, tiger
E,Maddy Loves to March,band, door, march, marches, parade, stairs, street
E,Happy Birthday, Snag !,balloons, birthday, cake, candles, party, presents
E,Wake Up, Bear !,awake, bear, den, sleepy, spring, winter
E,Tiny Tugboat,boats, pulls, ships, stuck, submarine, tugboat
E,Bear and Kangaroo,catch, climb, eat, hop, juggle, lift
E,Runaway Snowball,bigger, breaks, hill, rolls, snowball, snowman
E,Carlos's First Halloween,building, costumes, ghost, Halloween, pirate, scared, treat, trick
E,A Sweet Tale,chewing, dough, mixed, rolled, special, treat
E,Where Are My Things,Branches, collecting, marbles, roots, stamp, trunk, problem, solution
E,Zots Goes to School,behave, focus, learn, listen, try, work
E,Zots Learns to Play,against, breaking, create, rules, swings, touches
E,In the Sea,sings, hunts, floats, swims, rests, barks, crawls, glides, sleeps, live
E,The Vet,broken, crack, fever, hoof, paw, shell
E,I'd Like To Be,artist, astronaut, ballerina, cowboy, mermaid, pirate
E,Police Officers,crimes, laws, officers, people, police, safe
F,Gaggle, Herd and Murder,colony, gaggle, gather, groups, herd, murder, pack, pod, smack
F,The Food Chain,air, animals, plants, soil, sunlight, water
F,In a Chinese Garden,Chinese, garden, glad, mirror, rocks, stand, strong, trees, water
F,Night Animals,active, catch, hunt, nectar, senses, special
F,Some Birds Go,birds, flock, migrate, returns, survive, winter
F,Animal Dads,cares, dads, grow, guards, help, young
F,At the Watering Hole,drink, flock, pack, parade, savanna, watering hole
F,Seashells,bumpy, mollusks, protect, shells, skeleton, spotted
F,How Do They Move,animals, arms, fins, flippers, legs, strong, wings
F,Who Needs Rain,crops, dams, firefighters, goods, power, wondered
F,How is the Weather Today,seasons, showers, stormy, weather, windy
F,Best of Friends,enemies, friends, hissed, Lily, raced, Tiger, waking
F,What's in That Shell,armor, pearl, hermit crab, swirled, oyster, tortoise
F,Hibernation,animals, breathe, hearts, hibernate, safe, sleep
F,Taste This,bitter, kale, salty, sour, sweet., taste
F,Color Wheel Colors,color wheel, complementary, primary colors, secondary colors, shades, tints
F,Battery Power ！,batteries, charged, chemicals, electricity, energy, power
F,A Look at Fossils,clues, form, fossils, living, past, stony
F,Tunnels,avoid, hidden, narrow, passages, pipes, safely
F,On the Moon,craters, gravity, footprints, Moon, protect, suit
F,A Clown Face,cheeks, eyebrows, eyelids, face, mouth, nose
F,Flashlight Shadow Show,crack, flashlights, flight, howls, shadow, wiggles
F,Friends in the Stars,see, stars, eagle, dragon, snake, fox, fair, king, pretty, queen, white, swan, little, bear, away
F,Does it Sink or Float,apple, float, golf, marble, penny, sink, water, watermelon
F,Following the Map,compass, east, map, north, south, west
F,Double It,climb, cried, double, inside, looked, trouble
F,Stella Storyteller,cookies, dessert, explained, left, playdate, saved
F,Princess Prefix,confuse, disappear, impossible, nonsense, overload, prefix
F,Are You From India,coat, famous, India, shaggy, snout, spot
F,Sleds,bends, glides, riders, steer, track, travel
F,Pinatas Are Fun,parties, pinatas, shapes, spun, swinging, treats
F,At the Airport,airline, airport, check in, planes, searched, travelers
F,Motorcycles,comfortable, helmets, motorcycle, race, track, traffic
F,Are You From Brazil,bill, Brazil, insects, mane, poison, rodent
F,Thank You Everyone,fall, farmer, owner, thank you, Thanksgiving, workers
F,Mother's Day,decorate, quietly, scramble, sizzle, sneak, special
F,Fishtank Fun,alien, astronaut, fishtank, pretend, submarine, warrior
F,Hatching Eggs,chicks, cracks, eggs, hatch, incubator, mark
F,Cascarones,celebrate, confetti, crack, eggshells, fill, painted
F,Firefighters,fire, firefighters, ladders, safety, smoke, tools
F,Weird White House Pets,lived, odd, pets, presidents, White House, zoo
F,At the Movies,behave, cheer, movies, ready, theater, tickets
F,The Sunflower Hut,enough, hut, plant, roof, seeds, sunflower
F,Fishing with Grandpa,boat, fish, hook, lake, pole, worms
F,Our Camping Trip,camping, cooking gear, fishing, picture, sleeping bags, tent
F,Trucking,carry, delivery, dump, fire truck, flatbed, garbage, heavy, job, pickup, special, tow truck, trash, truck
F,Cleaning My Room,clothes, find, help, pile, room, sort
F,The Snowstorm,deeper, fall, faster, house, mouths, outside, snow, tongues
F,Our Class Flag,favorite, flag, initials, party, season, symbol
F,Josh Gets Glasses,cowboys, doctor, firefighters, glasses, people, police officers
F,Jobs for James,counted, earn, money, proud, rake, weeds
F,Using Less Energy,air conditioner, dishwasher, dryer, energy, less, re-using, save, shower
F,I Need a Snow Day,flake, important, nervous, run, studied, subways
F,Super Thrift,look, outgrown, streamers, superhero, thrift store, used
F,Ramadan is Here,awards, celebrate, crafts, holiday, poems, Ramadan
F,Rock Climbing,boulders, brave, carefully, climbing, helmet, protect
F,Many Roads,corners, dead end, everywhere, roller coaster, tunnel, winds
F,Election Day,booths, change, count, Election Day, stickers, vote
F,The Last Piece of Cake,dessert, gobbles, grabs, invited, problem, soars
F,How To Make A Snow Person,add, details, first, frowning, materials, middle, need, person, second, smaller, smiling, snow, supplies, third
F,Smart Crows,defend, fetch, gather, protect, solve, tools
F,Community Workers,community, deliver, doctor, firefighter, healthy, hose, mail carrier, safe, thermometer, workers
F,I Am a Gymnast,balance, beam, gymnast, split, stretch, trampoline
F,We Do Yoga,arch, balance, cobra, pose, reach, yoga
F,Changing Seasons,cooler, cycle, fall, hot, longer, melts, season, shorter, snow, spring, summer, warmer, weather, winter
F,Lou's Flu,aching, flu, groaning, moaning, sneezing, wheezing
F,Eat Like a Pig,grabbed, manners, napkin, sipped, slurped, wiped
F,Two for Me, One for You,bigger, equal, mad, piles, share, split
F,Glassblowing,beautiful, bowl, bubble, colors, glass, glassblower, gooey, oven, pipe, table, tools
F,SuperZero,doughnuts, great, numbers, stronger, ten, zero
F,A Pet for Jupe,alien(s), collar, dinosaur, food, snake, toy, water
F,Farm Friends,animals, chickens, comes, cookies, farm, fences, grandma’s, grandpa’s, horses, skatepark, someone
F,Needs and Wants,breathe, clothing, coat, dinner, drink, kite, lemonade, pasta, storm, winter
F,Monster Reading Buddies,asks, heavy, library, pirate, stacks, wagon, whale, window
F,The Three Little Pigs,blow, huffed, knocked, puffed, straw, warned
F,The Giant Turnip,budge, burst, grabbed, heap, sprouted, turnip
F,The Tortoise and the Hare,brag, hare, passed, race, steady, tortoise
F,Sir Suffix,attractive, friendly, harmless, rainy, suffix, useful
F,Are You Okay,fell, help, hook, hung, okay, recess
F,Four Friends,heard, helpful, noise, protect, shooed, together
F,Scaredy Crow,corn, farmer, scare, scarecrow, tractor, wind
F,Where Is Cub,cub, find, honey, missing, seen, worried
F,Hide and Seek with Zog,curious, drapes, juicy, kickball, knocks, sofa, tiptoes
F,Zots Helps Out,chores, clean, faster, help, tosses, trash
F,Bake Sale,bake sale, broken, fixed, tarts, treats, upset
F,Stop It Zots,board, bored, bounces, pretend, quietly, rocks out
F,Why Exercise,exercise, healthy, hungry, mood, stretch, sweat
G,Let's Go to the Circus!,circus, crust, elephants, lemonade, monkey, pizza, sugar, thirsty
G,A Seed Grows,flowers, leaves, plant, roots, seed, stem
G,Animal Eyes,animals, dragonfly, eyes, lizard, owl, spider
G,Beanie and the Missing Bear,Beanie, bear, blanket, chair, Chomps, Clare, Danny, detective, mysteries (mystery), sister, strange
G,Signs Are Everywhere,advertise, signs, warnings, winding
G,Carlos Joins the Team,baseball, catch, join, miss, mitt, team, watch
G,Billy Gets Lost,Billy, chases, Emmy, farm, fetch, field, house, street
G,Bonk's Bad Dream,Bonk, dream(s), checkers, daisies, movie, Snag, teeth, T-Rex
G,Going To the Dentist,clean, dentist, filling, office, problem, tools
G,Going To the Doctor,blood pressure, checkup, cuff, doctor, height, weight
G,Gordon Finds His Way,classroom, floor, hall, left, right, stairs
G,Grow Tomatoes In Six Steps,bloom, fresh, seedling, soil, stake, tasty, tomatoes, transplant
G,How To Build A Guitar,clamps, design, effort, guitar, sands, traces
G,I Bet I Can,goat, grabbed, hawk, kangaroo, sleep, snap, splash, splat, toward, winter
G,Long Ago and Today,board games, listened, plastic, video games, wooden, young
G,Look At This Book,Autobiography, biography, fantasy, informational, mystery, science fiction
G,Monsters Stormy Day,circus, cowboys, flashlight, lightning, monsters, oval, shadow puppets, stormy, thunder
G,New Rule,hide-and-seek, others, ready, rule, seek, starving
G,Rude Robot,burped, learned, manners, robot, rude, turn
G,Stormingo!,alone, flamingo, friend, hippopotamus, stork, strange
G,The Camel and the Pig,bet, camel, hump, pig, short, tall
G,The Chase,ditch, escaped, field, leapt, meadow, shore
G,Time Of Day,afternoon, evening, morning, o’clock, time, tomorrow
G,Troll Bridge,billy goat, bridge, pass, snorted, tossed, troll
G,We Build A Robot,batteries, birthday, broken, robot, surprise, tools
G,Harriet Tubman,brave, careful, caught, danger, escaped, slavery
G,Moving Bridges,accordion, castles, curl, drawbridges, safely, tilt
G,How Many Rhymes,bog, dozen, lame, nag, rhymes, wig
G,Laws For Kids,accident, follow, laws, own, protect, traffic
G,Loose Tooth,expect, lose, tooth, tooth fairy, wiggly, wonder
G,Maria Joins the Team,baseball, coach, game, mitt, shortstop, team
G,Monster Halloween,costumes, cowboy, ghost, Halloween, mummy, pirate, pumpkin, trick-or-treating
G,My Day,afternoon, evening, morning, night, noon
G,Mystery Valentine,Chocolate, deserve, sharing, trade, valentine, Valentine’s Day
G,Pedro's Burro,amiga, burros, gathered, jugs, village, well
G,The Legend of Nian,China, Chinese New Year, dragon, firecrackers, noise, scare
G,The Little Red Hen,baked, flour, grind, harvest, plant, wheat
G,The Queen Ant's Birthday,guard, jaws, nest, queen, surprise, tasty
G,Two Daughters,brickmaker, daughters, dry, gardener), lesson, wished
G,Places People Live,caves, float, ground, live, move, place
G,Penny the Rude Penguin,bumped, mean, sliding, sorry, spun, whacked
G,Ants,Ants,and More Ants,antennae, ground, insects, jaws, nests, queen
G,Bonk's Loose Tooth,crown, loose, party, sorry, teeth, tooth, true, wiggle
G,Building a House,builders, foundation, pipes, steps, switches, wires
G,Groundhog Goes Outside,burrow, cheer, gathered, grinned, shadow, worried
G,Let's Build a Fairy Bridge,bridge, build, cross, fairy, river, strong
G,Miles The Nile Crocodile,basks, crocodile, papyrus, pyramids, sighs, vegetarian
G,Science Fair,helicopter, leaked, prize, robot, science fair, soda volcano
G,The Reason for Sneezing,contract, defense, diaphragm, lungs, rejects, sneezing
G,What in the World Is That,bill, claw, platypus, sleek, strange, webbed
G,A Taste for Blood,blood, insects, lampreys, leeches, mammals, mosquitoes
G,A Trip to Petra,canyon, channels, lost city, temple, tombs, treasures
G,Are You From Australia,bill, country, deserts, forests, pouch, seashore
G,Caring for Your Dog,brushed, care, family, fed, needs, treats
G,Chess,battle, bishop, chess, knight, pawn, rook
G,Good Luck!,believe, bring, ideas, items, lantern, luck
G,Homemade Halloween,costume, Halloween, homemade, pinned, planned, stitched
G,On the Roof,apartment, bridge, domino, guests, Harlem, laundry
G,Peace and Quiet,bats, bumps, care, pokes, shreds, tears
G,A President's Day,assistant, difficult, information, meetings, president, reporters
G,All Kinds of Homes,apartments, floors, homes, houseboat, neighbors, strange
G,Amazing Mummies,bogs, caves, desert, discovered, preserved, soil
G,Being a Leftie,left-handed, notebooks, problem, scientists, scissors, spiral
G,Cockroaches,amazing, breathe, cockroaches, insect, need, pest
G,Fire Safety,alarm, escape, fire department, panic, practice, tips
G,Living Or Nonliving,alike, battery, cells, living, spot, tricky
G,Ready,Set,Bike!,brakes, helmet, inner tube, oil, patch, pump
G,The Hard Frost,asters, blanket, bloom, cleared, frost, towel
G,Ride,Cling,Run,climb, cling, hatch, pouch, shelter, travel
G,Rock Hunting,counters, granite, hunting, limestone, obsidian, slate
G,Meet the Beetles,beetles, deserts, insects, jungles, skeleton, waste
G,Squirrel Acrobats,acrobats, alert, balance, direction, escape, squirrels
G,Taking the Train,blows, races, rocks, rolls, track, train
G,The Spider's Web,silk, spider, spins, sticky, thread, web
G,This Is a Bird,cardinal, chicken, Costa’s hummingbird, emperor penguin, mallard, pelican, turkey vulture, thrasher
G,Whose Eggs Are These,butterfly, frog, penguin, robin, shark, spider
G,Why Do Leaves Change Color,change, color, fall, food, leaves, trees
G,The Food We Eat,bagels, cattle, hamburger, omelets, pepperoni, wheat
G,Wiggly Worms,cocoon, mate, slimy, soil, tunnels, waste
G,Ough Is Tough,bough, drought, ought, plot, rough, trough
G,Scorpions,arachnids, claws, prey, scorpions, stinger, venom
G,American Symbols,American, flag, freedom, ideas, liberty, symbols
G,Stars and Stripes,bold, colonies, country, Flag Day, formed, pattern
G,Zots Learns to Share,breaks, half, may, offers, share
G,Zots Gets Clean,barf, brush, clean, nasty, shower, trash
K,Abigail Adams,causes, colonies, equal rights, First Lady, Great Britain, independent
K,All About Kites,bridle, fishhook, flutter, gauges, parafoil, shock
K,Animals, Animals,camel, elephants, elk, fox, giraffes, hippopotamus, kangaroo, polar bears, snow leopards, zebra
K,Anna and the Magic Coat,breeze, cupcakes, magic, picnics, swirled, weather
K,Barack Obama,cultures, elected, government, lawyer, message, speech
K,Blackbeard the Pirate,attacked, captured, crew, pirate, sail, treasure
K,Brainstorm Bear,bouncing, brainstorm, distance, trail, trampoline, yard sale
K,The Butterfly Life Cycle,butterfly, caterpillar, life cycle, mate, pupa, stages
K,Carlos's Family Celebration,blindfold, celebration, decorate, independence, Mexican, pinata, practice
K,Chickens in My Backyard,bedding, chicks, coop, grind, nesting boxes, pellets
K,Cinderella,ball, fit, maiden, slippers, twig, wish
K,Community Government,community, council, departments, election, government, mayor
K,Día de los Muertos,altars, celebrate, cemetery, decorate, remember, traditions
K,Different,deaf, insult, keep-away, playground, sense, teasing
K,Dr. King’s Memorial,fair, laws, marched, memorial, peaceful, separate
K,The Dragon in the Closet,adventures, beasts, creaked, excitement, lonely, spikes
K,The Drum,deeds, goods, hungry, musicians, robbers, struggling
K,Earth's Water,gas, invisible, liquid, polluted, precipitation, solid
K,The Empty Pot,boiled, China, emperor, empty, honest, well
K,Extreme Animals,celebrities, creatures, extreme, mammals, quietest, reptiles
K,Fishing in the Rain,cast, comfortable, marshmallows, reeled, wriggling
K,The Five Brothers,abilities, China, dungeon, greedy, magistrate, treasure
K,Flying Kites,against, caught, enough, trouble
K,France,course, democracy, plains, ranges, revolution, tourists
K,Friends Around the World,Aboriginal, barbecued, boomerang, caribou, Inuit, ketchup
K,Good for Thurgood！,African American, equality, judges, separate, South, Supreme Court
K,Gorillas,communicate, endangered, family, groom, lowlands, primates
K,The Grand Canyon,dangerous, erosion, national park, protected, sediment, tribes
K,Grounded to Earth,alien, blasters, lesson, suit, take over, teleported
K,Hawaii Volcanoes National Park,active, erupted, lava, national park, protected, rainforest
K,How Glooskap Found Summer,bloomed, defeat, messenger, spell, thaw, ruled
K,How Zebras Got Their Stripes,appreciated, fooled, impatient, problem, relax, roam
K,Hugs for Daddy,cymbals, instruments, military, salute, tracing, uniform
K,I Collect That !,alike, collection, hobby, keepsake, popular, type
K,I Fly Hot-Air Balloons,fuel, nylon, oxygen, satellites, scenery
K,I Love City Parks,audience, elevated, fountain, platform, reflection, theater
K,I'd Like To Be,artist, astronaut, athlete, mermaid, musician, pirate
K,I'm Allergic to Peanuts,allergic, allergy, ingredients, medicine, peanuts, wheeze
K,India,desert, festival, firecrackers, Hindu, mangrove, monsoon
K,It's About Time,candle clock, cuckoo, grandfather clocks, shadow clock, sundial, water clock
K,Jack-o'-Lanterns,carved, cursed, decorate, design, display, stingy
K,Jackie Robinson,athletes, condition, prejudice, professional, rights, segregated
K,Japan,Earthquakes, empire, shoguns, samurai, skyscrapers, volcanoes
K,Leap Year Birthday,amazement, beamed, leap day, leap years, quarter, time traveler
K,Leap! A Salmon's Story,current, downstream, predators, rapids, spawn, upstream
K,The Leprechaun Trap,bait, career, disprove, exist, experiments, scientist
K,Lola the Llama,choice, delicious, dragged, opposite, saddled, stubborn
K,The Mailman's Hat,gusty, mailman, porch, pouch, shreds, treat
K,Maria's Family Celebration,blindfold, celebrate, decorate, Mexican Independence Day, pinata, practice
K,The Mighty Mississippi,course, demanded, directions, polite, south, winter
K,Migrating Geese,flocks, goose, goslings, hatched, mate, migrating
K,The Mind Game,flocks, goose, goslings, hatched, mate, migrating
K,Model Rockets,competitions, designs, engine, hobby, model, parachute
K,Mongo's Migration,dams, floods, locks, mammals, Mississippi River, shipped
K,Nature Stinks!,disturb, enemies, liquid, rotten, spray, stinky
K,New Planet, New School,freak, galaxy, planet, species, tease, tentacles
K,One Pony Too Many,bills, foal, responsibility, shaggy, Shetland pony, stocky
K,Playing It Safe,community, dangerous, downhill, helmet, wrists
K,Police Officers,academies, enforce, injuries, patrol, training, uniform
K,Rapunzel,company, enchanted, happily, rage, weeping, wretched
K,Ratty Rats,cargo bay, evidence, gangway, hoist, sails, traps
K,Russia,celebrate, czars, mine, peasants, president, traditions
K,Sadko and the Sea Kingdom,churned, disobey, flooded, gusli, lowly, strumming
K,Sam's Fourth of July,barbecue, fireworks, Independence Day, mayor, parade, patriotic
K,Ships and Boats,explorers, frames, goods, propellers
K,Simple Machines,axle, inclined plane, lever, pulley, screw, wedge
K,Sled Dogs to the Rescue,blizzard, disease, medicine, musher, relay, teams
K,Slithery and Slimy,amphibians, backbones, endangered, reptiles, scales, venomous
K,Soccer Is a Kick!,cleats, dribbling, foul, goal, match, tie
K,Soggy Stepsisters,arguing, cabin, canoe, paddle, stepsister, vacation
K,The Sorcerer's Apprentice,cast, fetch, pleading, salute, snicker, sorcerer
K,South Korea,celebration, coast, freely, modern, peak, plains
K,Spain,capital, explorers, festival, islands, mountain range, olives
K,The Squire's Bride,bay, clatter, courting, debt, harvest, mare, parson, squire
K,Strange Plants,colonies, critter, digests, imagine, moisture, parasite
K,Summer Olympics Events,athletes, compete, dashes, gymnasts, marathon, stroke
K,Tarantula!,fangs, harmless, prey, sense, spider, venom
K,To the Circus,elephant, flute, horns, lemonade, popcorn, prance, show, trapeze artist, wailed
K,To the Pumpkin Patch,jack-o’-lantern, patch, pumpkins
K,What Built This,builders, cells, entrances, prey, protection, silk
K,What Lives in This Hole,naked mole rats, puffins, salamander, tunnels, wombat
K,Where We Get Energy,coal, dams, electricity, energy, gasoline, generator, natural gas, oil, power plants, solar cells, solar panels, steam
K,Yellowstone: A Place of Wild Wonders,explorers, hot spot, national park, Native Americans, protected, wildlife